uid,post_path
8c373b197ef0316761531b107f21ae720b1944fa,_posts/2025-08-04-нейросети-vs-seo-что-с-поисковым-трафиком-из-за-чат-ботов-и-нейровыдач.md
91de06d0303f3be3a5bb9ec6526b784823269248,_posts/2025-08-04-недельный-геймдев-237-3-августа-2025.md
bc5bff400965903686ec50c053a5eeb47ba8a19f,_posts/2025-08-04-игра-в-spm.md
82c3b4a975e736ad6ed0b86b68c64e4deabb4186,_posts/2025-08-04-одноклассник-geely-monjaro-со-197-сильным-мотором-и-адаптацией-для-россии-дешевл.md
b740858c583c67c89700e94a5cc9deb107c3c773,_posts/2025-08-04-как-рёбра-графа-3d-сцены-помогают-llm-отвечать-на-вопросы.md
f1fd211403c550352b5ef71b62742e740cde46de,_posts/2025-08-04-i-tested-13-switch-2-cases-and-these-are-the-best.md
089780cb333b5fe9fc59bffcd784df0995567a9f,_posts/2025-08-04-amazon8217s-best-kindles-are-cheaper-than-ever-at-best-buy.md
d2f4f789add4be16d3f19fe497ba030e3966be89,_posts/2025-08-04-samsung-тестирует-one-ui-8-для-33-моделей-смартфонов-и-это-не-только-флагманы-сп.md
d7cddf01f12727fe12f1adfe350748e91640be5f,_posts/2025-08-04-хоррор-silent-hill-f-получит-режим-новая-игра-с-уникальным-контентом-и-легендарн.md
42dc3b8a73f4c8b38276c80f9b993d91d34281f4,_posts/2025-08-04-heres-a-comprehensive-list-of-compatible-iphones-that-can-download-the-ios-26-be.md
a13b754ca45db7d0dd7d57d557aaf0ccf12712bc,_posts/2025-08-04-nasas-lunar-trailblazer-mission-ends-in-disappointment.md
9bc58f77d7778a28aa4309c5e775e0dcdd2b5510,_posts/2025-08-04-как-минимум-в-одном-камера-samsung-galaxy-s26-ultra-превзойдет-камеру-galaxy-s25.md
e74881a033c9690915c5b50f80ace9184f6bd4fa,_posts/2025-08-04-fluid-filled-filter-system-offers-over-4-million-unique-looks-for-your-images.md
76a898e40a62b5f3dd8ca4ab8096aba3f450488c,_posts/2025-08-04-важные-языки-часть-2-lisp.md
ba2d1b3e7cdfc16a72db8e8f7d35f9ef34d3694d,_posts/2025-08-04-журналисты-узнали-бюджет-ведьмака-от-netflix-более-500-миллионов-чеканных-монет.md
39dc5968b866d322a75833ca0887f2b5d7322430,_posts/2025-08-04-the-best-deals-on-4k-tvs.md
c2c3a4d5b6603615dcb88b2d1fa58bbb860c3c43,_posts/2025-08-04-amd-без-лишнего-шума-выпустила-бюджетную-видеокарту-radeon-rx-9060-но-в-магазина.md
2577e56f3a16d91fa45fca7fdbbe29ce880788ca,_posts/2025-08-04-is-the-dream-chaser-space-plane-ever-going-to-launch-into-orbit.md
07223a8584e5018d8d358c9a3b1d9ad4ee76f625,_posts/2025-08-04-можно-посидеть-пощупать-потрогать-но-купить-нельзя-продажи-lada-iskra-стартовали.md
871ef997e0313cfa1e58bd87554fc1fc7906cafd,_posts/2025-08-04-киберкультура-глазами-пользователей.md
87bed6b5696c82bbffc53205756634c7375188b5,_posts/2025-08-05-from-nikon-f-to-nikon-z-is-it-really-better.md
4c8777aab03230942c4836300c6de39540f8cdfe,_posts/2025-08-05-testing-out-the-nikon-z-28-135mm-f4-pz-power-zoom-lens-for-video.md
02bf50470ecee4c1d86f0ce6f3f011d01baa0231,_posts/2025-08-05-chatgpt-will-better-detect-mental-distress-after-reports-of-it-feeding-people821.md
f86c829474db69e4cf470c59e5810a2804bab0a5,_posts/2025-08-05-я-у-мамы-программист-а-не-маркетолог-как-я-пытался-продвинуть-своего-бота.md
b5ba425bbe344d4db7bd513abf58b6d18a720c2e,_posts/2025-08-05-ai-site-perplexity-uses-stealth-tactics-to-flout-no-crawl-edicts-cloudflare-says.md
6f0c24c7339491c22308e1e7747e2a8dc2669c42,_posts/2025-08-05-webb-captures-historic-new-version-of-hubbles-legendary-deep-field-image.md
3cde89b28319271dc4da6f7813923504bfc7e317,_posts/2025-08-05-great-lesser-known-options-for-your-first-full-frame-video-camera.md
7297745f2a3d868a7952960b7e06d8e664154317,_posts/2025-08-05-how-lumaprints-custom-printing-services-empower-photographers.md
8cce7cd0dda8548c160148479d3b727537d75896,_posts/2025-08-05-fiery-portrait-of-glacier-climbers-and-eclipse-wins-colorful-photo-contest.md
acd932046dc55810078c290eb8d1e2db804b8f82,_posts/2025-08-05-xais-grok-ai-lets-users-create-spicy-nsfw-images-and-videos.md
17a2ad41e61e986b4e905c7c4b087dbfeda384f9,_posts/2025-08-05-heres-a-digital-photo-frame-that-doesnt-need-wall-power.md
b4e5149d864557a1395940d9b19444b78163270c,_posts/2025-08-05-boyas-ai-powered-shape-shifting-magic-mic-weighs-only-seven-grams.md
5e84b25dcccd3fc1f2a2732576f43f1d6c75de76,_posts/2025-08-05-new-law-bans-photography-of-guests-in-hotels-and-casinos-in-monaco.md
d282c5264083662e9a947b126e8b16c724126a9d,_posts/2025-08-05-pulitzer-prize-winning-photographer-michael-s-williamson-retires-from-the-best-j.md
1019730347761dde4f283447d4aec7791f4155c3,_posts/2025-08-05-ai-enhanced-the-wizard-of-oz-at-las-vegas-sphere-raises-eyebrows.md
a58e5a3746e9c27b3de781586de11149e5d479ce,_posts/2025-08-05-brightin-star-50mm-f095-extreme-aperture-at-an-accessible-price.md
65777b732ea75375df70736287f2da9afdb98cc4,_posts/2025-08-05-nat-geo-photographer-paul-nicklen-reveals-he-was-almost-killed-by-horny-elephant.md
795fb85922c8f33f8e44f5927a8aeaa373df1cac,_posts/2025-08-05-documentary-tells-story-of-americas-once-most-famous-female-photographer.md
a1cc67e2bfdbe322526185870239b6e403d74a7a,_posts/2025-08-05-canon-rf-35mm-f14-hands-on-review-sharpness-autofocus-and-more.md
65abbd6b236069b490616092b4504134f241b600,_posts/2025-08-05-the-viltrox-af-85mm-f14-pro-lens-premium-performance-on-a-budget.md
409a36fde5e14ae020ce361341819b5e3c12c35c,_posts/2025-08-05-canons-3200-zoom-lens-is-it-actually-worth-it.md
1f0b8fe9d2162a15ddd11a75d08e1fceff29cda5,_posts/2025-08-05-10-modern-cameras-under-600-that-produce-professional-results.md
1d1807b731be3253e618461926c296987a01b894,_posts/2025-08-05-the-fe-85mm-f14-gm-ii-lens-faster-sharper-lighter.md
cc88db1935b8b96e1dceb9dc3357a4f23594ffe9,_posts/2025-08-05-the-canon-rf-50mm-f14-vs-f12-can-you-actually-see-the-difference.md
ba9692e8b97d7a7c0ed252009f807c013759cbc8,_posts/2025-08-05-photography-news-sigma-200mm-f2-rumors-back-to-school-sales.md
bfd28ff832f1d8a7e28ac3d41e2de11e457a621e,_posts/2025-08-05-viltrox-af-15mm-f17-air-review.md
3b0f73d578777521fe60895343c8eeb30578fab6,_posts/2025-08-05-voigtlander-nokton-75mm-f15-review.md
eafb3d5e34ab28c214742c103265479f3f819762,_posts/2025-08-05-unleash-the-extravagance-with-original-glam-rock-stock-music.md
815fecf8fc3e188af9169a3faab4f95138ad8189,_posts/2025-08-05-one-year-of-shooting-large-format-film.md
7a17b682a6a5707da72467d4528d56bafabb575b,_posts/2025-08-05-photography-news-meike-af-35mm-f18-announced-nicholas-hess-awarded.md
5947a7c3c564771fcfb4e37115f6b78fb4bc97b2,_posts/2025-08-05-canon-rf-200-800mm-f63-9-in-the-darkness-of-the-tropical-cloud-forest.md
acc8e1304f68fb2b83d0aeb30f09bb4430754d68,_posts/2025-08-05-new-gear-alert-mini-flash-maxi-fun-it2022-from-godox.md
33f7e253032c11bc238681f332069a229e1079bd,_posts/2025-08-05-are-lens-filters-still-relevant-in-the-age-of-fix-it-in-post.md
7b7647f44065be0faea16c259e148e8dbfb04c0f,_posts/2025-08-05-2025-colorado-fall-colors-workshop-announcement.md
4f6b6557102aade4a3a1c32356c62a19976d84eb,_posts/2025-08-05-new-video-can-you-memorize-how-this-photo-was-edited.md
974b544d7367bc5ccc2d3a3c9031dce160d20110,_posts/2025-08-06-digital-photography-school-on-twitter.md
8541ce5a30b653b162142003d4ed14870912b80d,_posts/2025-08-06-the-intimate-lives-of-dragonflies.md
57334f1d1cc9c30c8040e6fb35d413becaf0de7e,_posts/2025-08-06-5-ways-to-create-more-artistic-photos-fast.md
0d3347f87692644545c84fbe57d0e4179dfcbd35,_posts/2025-08-06-light-machine-clickster-8mp-digital-camera.md
64b3c8584f1d51340e78bf92f8f7dd6227ca55ff,_posts/2025-08-06-whats-the-new-tamron-16-30mm-f28-g2-like.md
6cdb78e78bbbf586c80e97f4014eddd30b7eb815,_posts/2025-08-07-8-tips-for-stunning-street-photography-silhouettes.md
035610e197354e13f1443e6304539c5c4414518f,_posts/2025-08-07-prograde-pg105-pro-mini-ssd-a-compact-powerhouse-for-photographers.md
eabd655bc58f14d9ffaa5e0379a7dd3209661adb,_posts/2025-08-07-explore-drum-and-bass-music.md
aeac14e1be5d7819207784b1bfc3359d8d010bd2,_posts/2025-08-07-how-to-get-foregrounds-right-in-photography.md
ff878f9e71d1fc9f6bbd3071a2b8e8546995758d,_posts/2025-08-07-what-photographers-can-do-with-the-synology-8tb-beestation-plus.md
5d9831902bd7951dab48a99f0e710841ea84baa5,_posts/2025-08-08-dance-through-the-rhythms-of-kuduro-music.md
142ffa38a4a5385ae733d93a4d88f5b4cc23c25c,_posts/2025-08-08-experience-the-new-wave-of-music-with-hyperpop.md
426ba5bf3558f043e3c57bdf16b5f0145b67b6c4,_posts/2025-08-08-may-archival-highlights.md
890542913203baead97d309c9566f62036e95ced,_posts/2025-08-08-mardi-gras-music-the-sounds-of-new-orleans-carnival-celebrations.md
98658133348195b613412743dcc4722d0e4d84a8,_posts/2025-08-08-april-archival-highlights.md
1bcc43f26c425ae1f7f4abd835040f0369e6f56a,_posts/2025-08-09-what-is-post-rock-music.md
8deb94a04b27a292e7b97239063a5a58d1ee2602,_posts/2025-08-09-march-archival-highlights.md
a06bbcadedaca3d49b7c96e177e8c347791e1629,_posts/2025-08-09-meet-nordic-folk-music-a-scandinavian-musical-heritage.md
2ae4fcc74f45c5941ab206deef8d763a697c4191,_posts/2025-08-09-shutterstock-acquires-envato.md
011139358c33b520ca4d224f1a3856298e6ad7e2,_posts/2025-08-09-shutterstock-growth-one-billion-in-payouts-and-slowing.md
97d0a35920fb11a4bcc4d19c4bf927b45de44794,_posts/2025-08-10-14-years-of-istock-sales.md
07584fdc038de850d14a02e527587b44d60b0204,_posts/2025-08-10-meike-releases-mk-eftl-c-drop-in-filter-mount-adapter-for-l-mount-cameras.md
a2d90c817511a272255a7c79cd33ae1dbfd4e637,_posts/2025-08-10-how-to-take-great-photos-at-a-re-enactment-weekend.md
f8bb7cd48ba479eda5eb2dcc828bcfaea114146a,_posts/2025-08-10-pin-mill-shipwrecks-in-monochrome-win-the-photo-of-the-week-award.md
3d06410cc1a8872fca723ff2afe30884fe9c72b8,_posts/2025-08-10-master-zoom-burst-outdoor-photography-today-with-these-tips.md
c6731d9e92e913c71f6bba2d01ccbe79c491e621,_posts/2025-08-11-ulanzi-launches-glidego-jj05-jj06-tripod-series-for-versatile-shooting.md
2600fbbb838567331751b856c77bebea88987a0f,_posts/2025-08-11-android-vs-iphone-which-smartphone-os-offers-more-for-photography-enthusiasts-in.md
840dd39933b97536c59ca8892be32c71394cd5d8,_posts/2025-08-11-8-top-ways-to-use-a-telephoto-lens-for-photography.md
0639bc5405764f793460e26688efc75f6126f46b,_posts/2025-08-11-ephotozine-daily-theme-winners-week-4-july-2025.md
96b78a518533b219d08aaade25f75274457213ab,_posts/2025-08-11-5-methods-for-improving-your-coastal-landscapes.md
1e43297dfcf5f071e6eaa3f8b4f99b2cf321220c,_posts/2025-08-12-portraitpro-24-50-off-extra-25-off-with-code-epz785-free-gift.md
72e103901813800527fc7886a297e44f,_posts/2025-08-12-webb-captures-historic-new-version-of-hubbles-legendary-deep-field-image.md
4a1969325f15f99faf4da23850d2f7f0,_posts/2025-08-12-how-lumaprints-custom-printing-services-empower-photographers.md
519981d0722f4403c29a437f5b7837bb,_posts/2025-08-12-fiery-portrait-of-glacier-climbers-and-eclipse-wins-colorful-photo-contest.md
e1a4bb7d8cf77ca285dba628fbde41c0,_posts/2025-08-12-xais-grok-ai-lets-users-create-spicy-nsfw-images-and-videos.md
8834009311c1b01e320a183bdc06e725,_posts/2025-08-13-boyas-ai-powered-shape-shifting-magic-mic-weighs-only-seven-grams.md
7d67cdfcd13385b55b39742453a0e67c,_posts/2025-08-13-new-law-bans-photography-of-guests-in-hotels-and-casinos-in-monaco.md
0d40a3015001fe68a64f88c6aec03b87,_posts/2025-08-13-pulitzer-prize-winning-photographer-michael-s-williamson-retires-from-the-best-j.md
4f126192b4e0dc6c9746644e9fd2de1a,_posts/2025-08-13-ai-enhanced-the-wizard-of-oz-at-las-vegas-sphere-raises-eyebrows.md
126ccbfbd95e83776fc0c25577026b45,_posts/2025-08-13-nat-geo-photographer-paul-nicklen-reveals-he-was-almost-killed-by-horny-elephant.md
154602c1b145f487dd1df73035246e3a,_posts/2025-08-14-documentary-tells-story-of-americas-once-most-famous-female-photographer.md
5e058df41c1ae5e243cc7fd41ce10724,_posts/2025-08-14-photographer-captures-grateful-dead-fans-then-and-now-on-same-large-format-camer.md
6312c7e31503cd1f65c58ac9b375e9a9,_posts/2025-08-14-tourist-faces-231000-fine-for-flying-drone-in-spain.md
b92a3badc621feb51d47b8739b8d11ff,_posts/2025-08-14-photographer-goes-viral-trying-to-find-random-kid-who-posed-with-metallica.md
fc0289a06db407e39822854c03242d1b,_posts/2025-08-14-fluid-filled-filter-system-offers-over-4-million-unique-looks-for-your-images.md
620bc519efc908f959bc578a5d1b1ba8,_posts/2025-08-15-new-handheld-filters-create-dreamlike-ghosting-blur-and-motion-effects.md
78d544df80878e1b939182663f7455da,_posts/2025-08-15-camp-snaps-new-screen-free-digital-video-camera-channels-the-super-8.md
de8b4c996abcd31ecafb666e85a39d0c,_posts/2025-08-15-us-senate-is-hiring-a-photographer-for-up-to-126k-annually.md
a53144fc19c0827f01108208bec80afe,_posts/2025-08-15-legendary-fashion-photographer-bill-cunninghams-archive-is-acquired-by-the-new-y.md
2813121dbd45835b1b9e6fa5114646f2,_posts/2025-08-15-photographers-can-buy-zany-gear-at-adorama-for-just-3.md
c242f0e96651e0034686839a8fa42ef8,_posts/2025-08-16-farm-video-challenges-viewers-to-figure-out-what-is-ai-and-what-is-real.md
868c8665a1420e07ba0c94141cb7a022,_posts/2025-08-16-great-lesser-known-options-for-your-first-full-frame-video-camera.md
e58b83ca690c00a1f0af7cc5b8f862ef,_posts/2025-08-16-heres-a-digital-photo-frame-that-doesnt-need-wall-power.md
d3decd240a114c70c64a7eae645916b4,_posts/2025-08-16-brightin-star-50mm-f095-extreme-aperture-at-an-accessible-price.md
8b8f8b9085963eb1810043994b440f50,_posts/2025-08-16-canon-rf-35mm-f14-hands-on-review-sharpness-autofocus-and-more.md
b94eb346c5ee9e79a2ea7e90161173d9,_posts/2025-08-17-the-viltrox-af-85mm-f14-pro-lens-premium-performance-on-a-budget.md
bb6a11f482721539215871112b18bbe8,_posts/2025-08-17-testing-out-the-nikon-z-28-135mm-f4-pz-power-zoom-lens-for-video.md
714cced6c38f75d20b14532bf64f21f3,_posts/2025-08-17-canons-3200-zoom-lens-is-it-actually-worth-it.md
f38356327a05786300a4bc64e3f34011,_posts/2025-08-17-10-modern-cameras-under-600-that-produce-professional-results.md
c0adb328be94f12265e3e5aa66395ceb,_posts/2025-08-17-the-fe-85mm-f14-gm-ii-lens-faster-sharper-lighter.md
521d5a0c812d9f777a4762ef3f74b274,_posts/2025-08-18-the-canon-rf-50mm-f14-vs-f12-can-you-actually-see-the-difference.md
383a231a515465cdee9719f1e8f84714,_posts/2025-08-18-the-canon-rf-15-35mm-f28-lens-is-it-worth-the-price.md
ab1f675be6ca158139db61d656cfde95,_posts/2025-08-18-how-to-think-like-a-photographer.md
80c6a8712713e24d20a3ff0c76c61e83,_posts/2025-08-18-canon-rf-85mm-f2-vs-rf-85mm-f12-how-much-difference-does-2000-make.md
e260aef786d495b897d07535a9d5c38c,_posts/2025-08-18-why-photography-could-be-the-mental-health-boost-you-never-knew-you-needed.md
f0beeb334e23b39187469ad7dcc5c54d,_posts/2025-08-19-canon-eos-r5-mark-ii-worth-the-hype-or-just-another-upgrade.md
bc6c6dcb44e8c8f4fdee2d44e138b0f0,_posts/2025-08-19-sonys-fe-28-70mm-f2-gm-could-this-lens-replace-your-primes.md
83c497790c1ddb10ea1c7387c18a0018,_posts/2025-08-19-testing-the-nikon-z5-ii-unexpected-strengths-and-flaws.md
708e641b64c8f189efc8ea4591fb7115,_posts/2025-08-19-why-everyones-giving-you-the-wrong-first-camera-advice-and-the-simple-framework-.md
a4c56b092be02db7201864bcb2456def,_posts/2025-08-19-panasonic-s1r-ii-vs-nikon-z8-which-3500-camera-wins-the-real-world-test.md
e17b5fe124e1e9261bc3836d4123d59c,_posts/2025-08-20-from-mood-to-masterpiece-how-to-build-emotion-in-your-photos-with-ai-tools.md
61ee40b75fabfa6621de6b0710097282,_posts/2025-08-20-the-239-lens-thats-beating-1000-glass.md
4d62769283bc27c53315e57cebda3eba,_posts/2025-08-20-why-the-canon-r5-still-dominates-wildlife-photography-after-5-years.md
a1ab6a40e5a94021082645d0f7258816,_posts/2025-08-20-the-ultimate-pocket-camera-for-serious-photography.md
a4450bb461cd3030c3f53b7134c3bf71,_posts/2025-08-20-10-dirt-cheap-photography-accessories-youll-want-to-buy-immediately.md
cb9a50777bd19062f59a3aebca8feb07,_posts/2025-08-21-nikon-z8-long-term-test-the-good-bad-and-surprising-results.md
86fedc0951884b26d473f21464d3f566,_posts/2025-08-21-meike-releases-mk-eftl-c-drop-in-filter-mount-adapter-for-l-mount-cameras.md
28db14bc068d04eee64ddea3d7ee42f8,_posts/2025-08-21-how-to-take-great-photos-at-a-re-enactment-weekend.md
c5516c4d5dcadb3a054b9bb30604a5af,_posts/2025-08-21-pin-mill-shipwrecks-in-monochrome-win-the-photo-of-the-week-award.md
2cbda2cca51777610881df5285319547,_posts/2025-08-21-master-zoom-burst-outdoor-photography-today-with-these-tips.md
0f88b3754cedba9a49a5c1aa1d6c5406,_posts/2025-08-22-ulanzi-launches-glidego-jj05-jj06-tripod-series-for-versatile-shooting.md
561804b9480aa4c8c431f8ce88a2e424,_posts/2025-08-22-android-vs-iphone-which-smartphone-os-offers-more-for-photography-enthusiasts-in.md
144efdbccdb5fc829892add5e84f7642,_posts/2025-08-22-8-top-ways-to-use-a-telephoto-lens-for-photography.md
757cae7903f897585526a904fc0ed27b,_posts/2025-08-22-ephotozine-daily-theme-winners-week-4-july-2025.md
b7738e54bf5ca3036ad414e68d518228,_posts/2025-08-22-5-methods-for-improving-your-coastal-landscapes.md
56dbb56e355d1f93d9cfab41af50973a,_posts/2025-08-23-portraitpro-24-50-off-extra-25-off-with-code-epz785-free-gift.md
bcbbe97488c65dad1fae92c1d8d1e614,_posts/2025-08-23-sigma-bf-camera-review.md
66fec5518b5f13093a082505f0f47d4d,_posts/2025-08-23-3-basic-but-essential-tips-on-using-creative-apertures-for-portraiture.md
2159770822f48da53387ac107f09f8f0,_posts/2025-08-23-photo-challenge-pick-one-colour-and-create-a-series-of-images.md
1450993c2377f4869a5cb733db1db468,_posts/2025-08-23-luminar-neo---whats-new-in-2025.md
74e1429169b3860e7e94b831781e4025,_posts/2025-08-24-create-great-bokeh-by-following-these-6-simple-tips.md
dd82b5c9d7d371ef71b817cf71a53034,_posts/2025-08-24-5-basic-but-essential-top-portrait-photography-tips.md
7a78e497497c6a7f65bac1cd20570eff,_posts/2025-08-24-lake-boga-misty-morning-earns-potw-accolade.md
6b2603e7c239248f4bf16ae7a7e751b1,_posts/2025-08-24-the-photography-recipe-you-need-to-follow-for-black-white-landscape-photography-.md
e22562a30e5acefe2ed2c4e9ac868292,_posts/2025-08-24-5-top-tips-on-how-to-photograph-landscapes-with-interesting-skies.md
d75a894a78b8feba70eb517724c477b8,_posts/2025-08-25-how-to-photograph-ruins-in-5-easy-steps.md
b9472436347b9c90e8db17b6833e4741,_posts/2025-08-25-7-essential-tips-on-taking-photographs-in-hot-weather.md
4e8ddcc91e8e0babc0741319f2fab40d,_posts/2025-08-25-beyond-pixel-stretching-how-aiarty-video-enhancer-delivers-true-4k-upscaling.md
80cf89ebfe0cfc89d518af4a5324d097,_posts/2025-08-25-top-quick-tips-on-capturing-landscapes-in-a-portrait-orientation.md
0aa628ffa35d8bc087fbb01b7c9741ac,_posts/2025-08-25-meike-pro-series-35mm-f18-lens-for-e-z-l-mounts-now-available.md
4cb4b0641a837b380f4fb10c893c5ac4,_posts/2025-08-26-ephotozine-daily-theme-winners-week-3-july-2025.md
10fd870705ff7325f11e68b9f4d6f74c,_posts/2025-08-26-5-top-tips-to-improve-your-beach-photography-for-compact-camera-smartphone-shoot.md
b242d0dac863c412bf702331d15ac378,_posts/2025-08-26-7-top-carnival-photography-tips.md
a332bf1183d9394c94526b4b7cbde688,_posts/2025-08-26-charming-childhood-still-wins-photo-of-the-week-accolade.md
cd1150c75cb725028765ff75c597b363,_posts/2025-08-26-4-top-tips-on-photographing-beach-huts.md
15a74cfdefe208f881ab0e2f79caae73,_posts/2025-08-27-how-to-capture-patterns-on-your-travels.md
3bb6d768252af85c80ae87debf0e7f12,_posts/2025-08-27-from-nikon-f-to-nikon-z-is-it-really-better.md
d0ac18180a9c4202c0f5d1e789339d3e,_posts/2025-08-27-photography-news-sigma-200mm-f2-rumors-back-to-school-sales.md
e1e832e30559b6f558f0245d5ac6c8ab,_posts/2025-08-27-viltrox-af-15mm-f17-air-review.md
660b7e0e25b11c76bf442bea9df98824,_posts/2025-08-27-voigtlander-nokton-75mm-f15-review.md
f6085c21da357d4edf2f82ce8e382101,_posts/2025-08-28-one-year-of-shooting-large-format-film.md
40d496a64396e776a799beae65cfe278,_posts/2025-08-28-photography-news-meike-af-35mm-f18-announced-nicholas-hess-awarded.md
a91416d587cadc36bab1b640f23f6d0f,_posts/2025-08-28-canon-rf-200-800mm-f63-9-in-the-darkness-of-the-tropical-cloud-forest.md
555f1f6a4d939e4d41a7364b69a620e1,_posts/2025-08-28-2025-colorado-fall-colors-workshop-announcement.md
84b7981d8c3a3d7163ff7b84d26dee3d,_posts/2025-08-28-new-video-can-you-memorize-how-this-photo-was-edited.md
2bb311c89ce4de8b941d8c2c7b7113b0,_posts/2025-08-29-the-intimate-lives-of-dragonflies.md
d08f518535996ba0b4b0a19511b7385c,_posts/2025-08-29-new-gear-alert-mini-flash-maxi-fun-it2022-from-godox.md
3abb2f99afffd20cd9fc10f6dc73bf0e,_posts/2025-08-29-are-lens-filters-still-relevant-in-the-age-of-fix-it-in-post.md
98f9d3db5f512c85ace7eb5820fe89fe,_posts/2025-08-29-digital-photography-school-on-twitter.md
e02bfa0d728ad377a7ea1ddfcd40be9b,_posts/2025-08-29-5-ways-to-create-more-artistic-photos-fast.md
dd8e6cde3b0417fc73a2bda1151764e0,_posts/2025-08-30-light-machine-clickster-8mp-digital-camera.md
4a6e79057cc952be0e250c8bdd2ea73a,_posts/2025-08-30-whats-the-new-tamron-16-30mm-f28-g2-like.md
e2e372b24df85261bba7561dd50ca1b2,_posts/2025-08-30-8-tips-for-stunning-street-photography-silhouettes.md
fe2ea56b598329886ed18ed6a979e618,_posts/2025-08-30-prograde-pg105-pro-mini-ssd-a-compact-powerhouse-for-photographers.md
da0876333ee4332f675ee63674b203bb,_posts/2025-08-30-how-to-get-foregrounds-right-in-photography.md
64df4a8f322a76d01bfc4fb15dc09215,_posts/2025-08-31-what-photographers-can-do-with-the-synology-8tb-beestation-plus.md
03d9fd2eab87c4befc677cc2b439f494,_posts/2025-08-31-shutterstock-acquires-envato.md
8bc3db8639a501dad93ddd8d96c7ae29,_posts/2025-08-31-shutterstock-growth-one-billion-in-payouts-and-slowing.md
4743a7de3fe760f1216e5243ef7499cc,_posts/2025-08-31-14-years-of-istock-sales.md
8dc6ab83b5b0199a8c901ae82654c500,_posts/2025-08-31-capturing-emotional-portraits-with-golden-hour-light.md
d11801e0924e0c4c2dc3cee8ad0d8b9e,_posts/2025-09-01-creating-visual-rhythm-with-multiple-exposures.md
30e776f8f23a8ccea62af21857885b48,_posts/2025-09-01-capturing-the-moment-mastering-high-speed-photography.md
3155c1359682400d7cb2c47bdc29c321,_posts/2025-09-01-long-shutter-techniques-for-impactful-imagery.md
0adeae7a448f7763b405fd619287919f,_posts/2025-09-01-panning-photography-capture-speed-and-motion-like-a-pro.md
0f3cdb125236e769490c4aeffba870c2,_posts/2025-09-01-using-color-grading-to-evoke-nostalgic-moods.md
cf0f975ec219f83fba502bf15c20737c,_posts/2025-09-02-meet-the-winners-of-mays-licensing-rush.md
b49706f34b7d44948dcfa674532067ad,_posts/2025-09-02-creating-emotion-with-high-contrast-black-and-white-photography.md
91dba5cafc196fadd11c6b5f850f1972,_posts/2025-09-02-harnessing-silhouette-for-dramatic-storytelling.md
2a639d6741ab3e3f10a7dd222adc594f,_posts/2025-09-02-crafting-atmospheric-images-with-fog-and-mist.md
55ac375ef6b0bbe55cde654b73ed8ab9,_posts/2025-09-02-dji-osmo-360-a-new-contender-in-the-360-action-camera-world.md
96110e1afaf81b8bcdac0eca22031790,_posts/2025-09-03-the-jewelled-ring-in-the-cosmos-jwsts-portrait-of-rx-j1131-1231.md
d40bb259c2d26b4b0f3f9b194afae80b,_posts/2025-09-03-easily-make-your-photos-more-cinematic-with-these-7-hacks-no-blueteal-presets-re.md
f2fe06c1db8901e21be3bd12ceb6483e,_posts/2025-09-03-a-sea-monster-and-a-tarantula-hubbles-new-image-of-tarantula-nebula.md
e8a648124aca94b4bf24863134e809f0,_posts/2025-09-03-viltrox-af-15mm-f17-air-a-compact-wide-angle-lens-built-for-cinematic-shots.md
0aeaf1bc1213dcc6eee13913bca5566c,_posts/2025-09-03-alma-photographs-a-giant-cocoon-around-stephenson-2-dfk-52.md
56e656777c7218740b819b608fe69e10,_posts/2025-09-04-research-fake-travel-photos-are-ruining-trips-for-83-of-americans.md
08f38011172e036f19ebcaf882ba7e1d,_posts/2025-09-04-007-vacay-away-leave-the-walther-ppk-behind-licensed-to-film.md
e0a7154d181926c07e6e037f74c9fd12,_posts/2025-09-04-founder-optics-draco-62-the-small-scope-with-big-ambitions.md
b92651c24eb9305e10798de5d9eb1415,_posts/2025-09-04-photographer-develops-film-with-jger-bomb-and-the-results-are-a-bomb.md
e81504d35c50eaeb0fbdbcfbc4f4a0c0,_posts/2025-09-04-instagram-feature-with-travel-photographer-everstfamily.md
a8cb023fb9c48d2cc634f4233dd5ea6d,_posts/2025-09-05-archive-feature-with-pictorial-press.md
c711265c442df4d504d246071a30a11e,_posts/2025-09-05-spotlight-feature-with-news-and-events-photographer-matthias-oesterle.md
9c2e50d25b58d0a73a8ccf3c5c67f3d5,_posts/2025-09-05-instagram-feature-with-street-photographer-rod-olukoya.md
ed644372cd1ea7f733636aea8ec3675f,_posts/2025-09-05-wanderlust-visions-2026-the-uks-longest-running-travel-photography-video-competi.md
df5fd838716209886af022cbb3e9b17d,_posts/2025-09-05-archive-feature-with-classic-picture-library.md
e95a7b0f8e98ba86bd4d6ee66777072f,_posts/2025-09-06-instagram-feature-with-illustrator-amr-bo-shanab.md
d9bb9b426c3420e0f4a41610c77d44c1,_posts/2025-09-06-spotlight-feature-with-music-photographer-cristina-massei.md
4e8c9e3170366662cea08068a81b2a55,_posts/2025-09-06-more-than-skin-the-art-of-identity-and-belonging.md
e54485529b11f56b354a59f09dc29312,_posts/2025-09-06-instagram-feature-with-archive-image-colourist-dappled-history.md
4b39d74640c13a02ac9b982816f32aec,_posts/2025-09-06-godox-it30-pro-launches-as-pocket-sized-rgb-led-for-creators.md
0b1ce01af18a3703071a3bb170c07bae,_posts/2025-09-07-dji-osmo-360-price-specs-and-availability-announced.md
03ad62d7362f49c2f9e148a49191b6da,_posts/2025-09-07-street-photography-in-2025-techniques-and-ethics-in-the-moden-world.md
329b4c6eb4bddfb564ee3ada4b48a80f,_posts/2025-09-07-antigravity-drone-debuts-revolutionising-360-aerial-capture.md
35d19947f43b54d19f45c6590871571a,_posts/2025-09-07-godox-it20-and-it22-mini-flashes-unveiled.md
4c9aed18f3e586d03de2391199fd99c4,_posts/2025-09-07-crucial-x10-pro-ssd-offers-portable-speed-for-photography-students.md
f56fbbc011fc3f52de5dea318c4af9f2,_posts/2025-09-08-crucial-t710-ssd-offers-lightning-fast-storage-for-photography-students.md
9d2e596218ceffdb1d35857d6cc2eeba,_posts/2025-09-08-macro-photography-in-2025-techniques-and-gear-for-stunning-close-ups.md
056c7104e03b2cab4f760e4c62f1d7ab,_posts/2025-09-08-atomos-launches-ninja-tx-monitor-recorder-with-sdi.md
1fc4829031102c1e3fd21c3ead7f408e,_posts/2025-09-08-sony-unveils-pxw-z300-4k-handheld-xdcam-camcorder-for-news-production.md
cf97b86f54ba7d852fe47a7872b2ec4c,_posts/2025-09-08-minimalist-photography-embracing-simplicity-in-2025.md
e0f9a7f5d3e78c4f87a006811221b34b,_posts/2025-09-09-canon-speedlite-el-1-version-2-price-specs-and-availability-announced.md
67461d7d57312e4350e57bd9c91958aa,_posts/2025-09-09-canon-unleashes-major-firmware-upgrades-for-eos-r1-and-eos-r5-mark-ii.md
0bd34e03f78a05e00137538c5cd0b6aa,_posts/2025-09-09-canon-boosts-eos-lineup-with-major-firmware-updates-for-july-2025.md
a488c1524b6c8f61eeb6de48ec11d966,_posts/2025-09-09-sony-rx1r-iii-price-specs-and-availability-announced.md
ec6812168d0ef31defa893332a69a4bb,_posts/2025-09-09-dji-power-1000-v2-boosts-portable-power-output.md
aacafa2301d608672d04f193e4167016,_posts/2025-09-10-upgrade-your-streaming-setup-with-obsbots-ai-webcams.md
c79636a45f42a40dc66661f3cf2df393,_posts/2025-09-10-analogue-revival-exploring-the-resurgence-of-film-photography-in-2025.md
1488d19b2dc4f63d244c23a2ec8992c3,_posts/2025-09-10-video-first-cameras-is-hybrid-photography-at-risk-of-becoming-an-afterthought.md
50eb2798f95ededc1f10b64b96c980b3,_posts/2025-09-10-saramonic-unveils-tc-neo-wireless-timecode-sync-system.md
40a44158c847c9c341daf867e2d8e23f,_posts/2025-09-10-lightrooms-new-feature-beats-time-wasting-presets-video.md
cbf7064b48ed7f081704177e09bde051,_posts/2025-09-11-dont-let-exposure-clipping-spoil-your-photos-video.md
75d4ccee6271f2e689bf84b93c48617c,_posts/2025-09-11-stylize-outdoor-photos-by-editing-colors-like-this-video.md
4df07d1c87f39b6da530a611ff8a4bf2,_posts/2025-09-11-boudoir-basics-a-sensuous-couch-pose-for-all-body-types-video.md
bfd0cc19805550c814f4e0af24ee1e37,_posts/2025-09-11-your-photo-biz-deserves-lumaprints-heres-why.md
a109ad9e6d9396be3a45755fab1747cd,_posts/2025-09-11-mr-rabbit.md
abbd1da4620fee60d41835e8a396a56a,_posts/2025-09-12-master-exposure-without-advanced-technical-skills-video.md
ee4cca05f05d42c908d83a449c133eea,_posts/2025-09-12-prep-for-heat-rain-cold-snow-chipmunk-attacks.md
5a428d7a324cbd599835c015b4b70449,_posts/2025-09-12-the-new-ai-harmonize-tool-beyond-the-basics-of-1-click-composite-photos-video.md
250cc7622178517295e161bccd14dc7d,_posts/2025-09-12-5-top-features-in-photoshops-game-changing-july-update-video.md
344f8fe09023f12d4c0f4ac0e75bdc02,_posts/2025-09-12-black-swallowtails.md
220d32d44b29f2bde5c379aa9058c8e1,_posts/2025-09-13-restore-lost-detail-in-photos-with-featureless-white-skies-video.md
b6027b7b2a2da1ec419dec687d38be89,_posts/2025-09-13-create-impossible-photos-with-this-time-proven-technique-video.md
492b82d3c00f7c5fb228cd166c5f3936,_posts/2025-09-13-customize-photoshop-for-a-personalized-workspace-video.md
77ee11b1d8340d29eaf656e2be6b7743,_posts/2025-09-13-three-top-tips-for-tantalizing-travel-photos-video.md
bc3840d38935c24edbbe639b0f418b75,_posts/2025-09-13-hate-editing-try-these-lightroom-tips.md
98c17bf83a7016a57d05c30aefd3fd1e,_posts/2025-09-14-sheep-trees-and-puppies-the-weekly-light-stalking-community-update.md
ada0aa872f2192664d71282000bc1cc8,_posts/2025-09-14-check-out-these-tutorials-to-capture-unique-urban-photos.md
d777ca7a88a5a227aca8556e0beb5e74,_posts/2025-09-14-antigravity-has-announced-worlds-first-360-drone.md
ff193282714d58b6941a3d56a91e3207,_posts/2025-09-14-why-you-should-embrace-your-photography-fails.md
f7b712b2249b5b0397622366f8b7d141,_posts/2025-09-14-godox-has-announced-ultra-compact-affordable-flash-the-new-it20it22.md
76893c54bdcd02176d6388eb2021e187,_posts/2025-09-15-foreground-middle-ground-and-background-in-photography.md
c53cbabb24042a166ee1569727a3ee89,_posts/2025-09-15-facebook-ads-for-photographers-avoid-these-5-most-common-mistakes.md
4aebe20316ac7c5f18f0852d2054cee4,_posts/2025-09-15-9-essential-tips-for-beach-maternity-photos.md
81f8ef777177ebfb9d5fb009c61b2dae,_posts/2025-09-15-5-easy-family-photo-poses.md
503e443200c146f29daf411a3521b51d,_posts/2025-09-15-10-golden-hour-photography-tips-for-better-photography.md
7da6a72c48d890fc5ca9ed3d794e2792,_posts/2025-09-16-complete-headshot-posing-guide.md
dcced33fe78c076a37fc0b2ce0bf0af4,_posts/2025-09-16-sunset-portrait-photography-tips-and-techniques.md
f7e7857c36f473c849358ead6dece133,_posts/2025-09-16-21-groomsmen-posing-cues-from-wedding-photographers.md
057e465484e7d5e18c6603c6e0fed61a,_posts/2025-09-16-10-photography-mistakes-that-will-destroy-your-creative-dreams-and-your-bank-acc.md
05498143615b6d630c5813eb7f749956,_posts/2025-09-16-media.md
183ac596da1dd0f3d82492dce8273d42,_posts/2025-09-17-media-итоги-июля-2025-от-тревел-стокера-пожары-дроны-покер-и-432-доходаиз-них-33.md
81bf91a2d6fdd00d407f59baa93853fd,_posts/2025-09-17-photo-посчитала-итоги-месяца.md
c538459477c7d9ee59fa8517fabe5df7,_posts/2025-09-17-media.md
b617732caecda84f7297d0f70db01de1,_posts/2025-09-17-payoneer-закроет-неактивные-receiving-accountspayoneer-вызвал-панику-у-многих-св.md
542cb3f25c811eaac6a3272ef7a3a1a0,_posts/2025-09-17-photo-план-стокера-на-август-от-betrendystocker-и-вышел-свежий-выпуск-продукта-д.md
e43101169aec80137c7327d60fd393dc,_posts/2025-09-18-media.md
2a24b4934bcaaf3c4ba176e402a8db0a,_posts/2025-09-18-media-фотобанк-alamy-посвятил-июльский-авторский-выпуск-в-соцсетях-роджеру-олуко.md
0845fc9222d9cdde039fa2d7077ab4fd,_posts/2025-09-18-как-то-я-упустила-а-dreamstime-еще-в-июне-запустили-свой-безлимит---zero-gravity.md
f657ade0c32b1221a9e3b648bfd5b218,_posts/2025-09-18-media.md
287cacdbe8f22c0e4619ff7839c478b8,_posts/2025-09-18-br-спасибо.md
bc8d24015cac588b1fa394693c72d5fb,_posts/2025-09-19-br-перемешаются-внутри-фото.md
75aa82e94bdbb67c368ed1309de2fae6,_posts/2025-09-19-hello-everyone-is-there-any-solution-or-forecast-for-the-blocked-account-error-o.md
a045d1ec3cc626594a87ae1aea503877,_posts/2025-09-19-br-а-что-пишет.md
3fef80bf0598f2b2856013dc89fdcb87,_posts/2025-09-19-да-много-раз.md
dc0a6e18690a260d584e648da030b726,_posts/2025-09-19-br-пробовали-одну-деталь-наложить-на-другую.md
51ba1733fb4d47e9d55ff7daa06768bc,_posts/2025-09-20-br-тут-треба-оновити-данн.md
1beac2c5c61175e15ee869697380170f,_posts/2025-09-20-алена-я-нашла-обычный-компьютер-сейчас-пытаюсь-пройти-капчу-идеально-соединяю-де.md
74b5ab14d713a01238ada6c400e4bbf9,_posts/2025-09-20-скажите-пожалуйста-если-я-выделю-все-фото-в-м-где-каждое-фото-имеет-индивидуальн.md
adb587a6fae67ee2446ada8113b8aca9,_posts/2025-09-20-photo.md
dbd46897a18f3f648b60c86899a93d47,_posts/2025-09-20-photo.md
e47b2160ce9d2719ed715ca85a38e9da,_posts/2025-09-21-photo-в-полку-компаний-постепенно-соглашающихся-на-нейронки-прибыло.md
f515808432d9db6188f23ff30a3627ac,_posts/2025-09-21-video-как-и-обещали-только-из-нейропроизводственной-печи-трейлер-к-мини-сериалу.md
9c2c8dd630ef9e54f95761a49124db8f,_posts/2025-09-21-photo.md
33356ffb5fdcd65b3cf712f54717bbf2,_posts/2025-09-21-вопросов-нетии-под-чашечку-ароматного-05082025свежая-сводка-новостей-которые-сто.md
a746296aa273e374ee4a559f4d4892dc,_posts/2025-09-21-video-да-почему-бы-и-нет.md
bdbc99caed8bba6a4cca59df8ca6b1cb,_posts/2025-09-22-photo-добрый-вечер-в-сети-хайпит-какой-то-дико-сложный-промпт-для-разблюривания-.md
1f05f3540d49bdab648282363fce3eb1,_posts/2025-09-22-video-стрелочка-поворачивается.md
4054be1d28aa07222724c556b297c16f,_posts/2025-09-22-video-genie-3-искусственный-интеллект-от-google-создающий-интерактивные-миры-по-.md
c8c234632618d601bf17db51ae06b928,_posts/2025-09-22-photo-новый-инструмент-от-google---google-opalgoogle-opal-это-экспериментальный-.md
18bf9aabcbdc953899a48b6a897773ba,_posts/2025-09-22-photo-сегодня-в-1800-мск-прямой-практический-эфир-мастер-класс-для-подписчиков-b.md
40c33dd51f23ea9e0d2b4651a2a6c1ea,_posts/2025-09-23-video-чистая-кинетическая-энергия-комикса-запечатленная-в-генерациипромт-для-ген.md
977a94f5188e46343ee3ba0edb8b2494,_posts/2025-09-23-video-weavy-уже-пробросили-по-api-runway-aleph-act-two-тоже-есть.md
89c3710554cc64c170a63a4b0110bd31,_posts/2025-09-23-photo.md
3c2bded707e08c57f59cd748b8ca84ec,_posts/2025-09-23-скажите-пожалуйста-если-я-выделю-все-фото-где-каждое-фото-имеет-индивидуальные-к.md
9d795dd38e2872306cf4a68fe2870613,_posts/2025-09-23-здравствуйте-данные-для-входа-плагин-попросит-ввести-во-время-сабмита.md
a86b6b3164a221970ef5ab80ae2ef3c2,_posts/2025-09-24-здравствуйте-не-получается-сделать-подключение-айстока.md
40ab66f9c37fca82bd722da95b367dcf,_posts/2025-09-24-br-добавим-такой-функционал.md
7911dca74c21596654cdd4bced48720e,_posts/2025-09-24-и-еще.md
f7321d97204388e8c4ebbe834df6201f,_posts/2025-09-24-в-программе-можно-как-то-переименовать-файлы-с-учетом-даты-съемки.md
ad6a4c9d8a111c07820e502ec7f23583,_posts/2025-09-24-br-спасибо-большое.md
fedea12def9342d0c6e31cfd77ca02ad,_posts/2025-09-25-media.md
8647a0f7bbc06bc7bd2380352449d972,_posts/2025-09-25-а-можете-пожалуйста-подсказатья-могу-как-то-уточнить-слова-для-гетти-но-чтоб-не-.md
c10ded7b744e80f388f46f7eee7a0ad0,_posts/2025-09-25-br-спасибо-большое-за-ответ.md
108611c62d106fadfa78a992e34f8e99,_posts/2025-09-25-привет-творческиеочередной-выпуск-стокового-сплетника-он-же-бывший-карманный-инф.md
ee46b59561a27bee1b3c666632e75a42,_posts/2025-09-25-photo.md
b855886ba7fe6ba891301a2fdeec9671,_posts/2025-09-26-photo.md
41e83e39925b08432c0525d563bc3098,_posts/2025-09-26-привет-творческиевернемся-к-классике-и-поговорим-о-старых-проверенных-темах-а-им.md
33b912352287d6333844e69af9aa095a,_posts/2025-09-26-сам-себя-не-репостнешь-никто-не-репостнетс-таким-подходом-мы-раскупорим-склад-ст.md
684f2d0676c8701be9227b9a677534cd,_posts/2025-09-26-photo-кажись-shutterstock-скоро-спрячет-то-есть-спрятал-ключибольше-их-нет-ни-св.md
94d12696812e09582c9182cbf47fe314,_posts/2025-09-26-привет-творческиес-вами-очередной-выпуск-стокового-сплетника-он-же-бывший-карман.md
5abe5221485661b38f628ddca5eabdb7,_posts/2025-09-27-photo.md
f6a2f9c3cd4eb345f7155dc301cac84c,_posts/2025-09-27-photo-привет-творческиеа-давайте-вернем-старую-рубрику-quotвопрос-ответquot.md
3571493b62c2df9387be3d7e5f10f2aa,_posts/2025-09-27-эксперимент-ии.md
e0dd4ee7019a1ee2538d5b76aadb05ff,_posts/2025-09-27-payoneer-закроет-неактивные-receiving-accountspayoneer-вызвал-панику-у-многих-св.md
3b050f00d27fd412f0becf95f4056385,_posts/2025-09-27-media-сравнение-видеогенераторовсмотрю-видео-про-сравнение-ии-видеогенераторовht.md
7f73e2bfacad30980feda0a3d65dc876,_posts/2025-09-28-эксперимент-ии.md
c8d735cea1171b7a5d64cc55533d7af3,_posts/2025-09-28-обратил-внимание-что-у-меня-ии-фотографии-продаются-гораздо-лучше-чем-ии-иллюстр.md
f0a42de2f496b9b37193dbbac51191b0,_posts/2025-09-28-video-все-уже-попробовали-видео-модель-от-midjourney.md
b22ffea9765fd5686a447eaed6247ad6,_posts/2025-09-28-video-midjourney-тестируют-свою-видеомодель-и-просят-помощь-в-оценке-работмы-зав.md
2b06b717970e2f417676452f60407ac6,_posts/2025-09-28-у-stocksubmitter-какие-то-довольно-массовые-проблемы-с-соединением-у-многих-прог.md
c8585571498716d360fe1242f21ae6dd,_posts/2025-09-29-photo-сегодня-покажу-по-которое-сможет-сэкономить-вам-денег-и-улучшить-качество-.md
0b7f82be11fa68a0399739f15339c969,_posts/2025-09-29-photo-сегодня-оживим-картинки-и-попробуем-видео-от-миджорни-начинаем-через-10-ми.md
ea66573ee467fc181e24215c528113fa,_posts/2025-09-29-br-понял-спасибо.md
09988c92a74c9fc5ab201b62edadfd64,_posts/2025-09-29-добрый-вечер-записи-всех-стримов-доступны-по-подписке.md
c9d7a9ae00922354b346a34d3a97b26d,_posts/2025-09-29-скажите-а-при-приобретении-подписки-у-вас-там-есть-записи-таких-вот-стримов-встр.md
f84b95e0b7f09a38b46034a444b0354c,_posts/2025-09-30-photo-сегодня-в-1900-мск-посмотрим-что-нам-предложит-веб-версия-синтексhttpsboos.md
9ca6301cecda6cc8ff8e1f33879e65ae,_posts/2025-09-30-photo-сегодня-покажу-по-которое-сможет-сэкономить-вам-денег-и-улучшить-качество-.md
039fe3bd54a41bd1349d957d56d806ea,_posts/2025-09-30-photo-сегодня-оживим-картинки-и-попробуем-видео-от-миджорни-начинаем-через-10-ми.md
b3981eb3f87a00d4a52c4726bdb61125,_posts/2025-09-30-photo-сегодня-в-1900-мск-посмотрим-что-нам-предложит-веб-версия-синтексhttpsboos.md
e5207d791d9bfb3af3eb9da7a6fe97bc,_posts/2025-09-30-photo-через-30-минут-мк-по-генерации-видеоhttpsboostytoaivenmediastreamsvideostr.md
effc0160b04d993f516ac5e6d885425a,_posts/2025-10-01-media.md
d1060e3006be21c26427a711b9f57009,_posts/2025-10-01-photo-через-15-минут-мастер-класс-обработка-в-davinci-resolveнарежем-и-подготови.md
869efcf87d3f77912798bb91c1ae7893,_posts/2025-10-01-photo-в-1900-мск-мк-атрибутация-с-помощью-чат-gpthttpsboostytoaivenmediastreamsv.md
259e79f011541ad9cf10e0b6ddc65726,_posts/2025-10-01-ребят-привет.md
fbb6c705ded4af410420d57b6b025a2c,_posts/2025-10-01-photo-сегодня-в-1900-мск-будем-генерировать-промты-для-видеоhttpsboostytoaivenme.md
aa3a91dd0c79b4777547978a6e1804d8,_posts/2025-10-02-photo-лори-предлагает-оплату-за-обучение-ии.md
44757ef6c72b59015f295ce990c3b5c0,_posts/2025-10-02-photo.md
fd270c1c36f310ce2937367e26086048,_posts/2025-10-02-photo.md
364780f057fa8d74ed33c1b1b6608335,_posts/2025-10-02-photo.md
d441d3ba3d16e59de5bbd717c09b2f9a,_posts/2025-10-02-photo.md
917f82385d073b74bc7882c5b9dd2b5f,_posts/2025-10-03-photo-общая-сумма-на-вестенд-за-апрель-и-основные-продажи-с-адоб-и-шаттер-оффсет.md
5222308117d44e22b9cf442a7a3b0e3a,_posts/2025-10-03-photo-всем-хеллоу.md
327d62a9761e811f27bef938365eadcd,_posts/2025-10-03-друзья-привет.md
218127a855303f461055fbe7eb250b0d,_posts/2025-10-03-photo-сразу-прокажу-так-же-что-с-адоб-и-оффсет-продалось-на-вестенд-в-марте-обща.md
4681a814d8571d385b8709b4d0ae9b02,_posts/2025-10-03-photo.md
0cce175186419b6cee32c85d1a7654d2,_posts/2025-10-04-video.md
bd81dcdb3594eefbd6f3edf75b40fec3,_posts/2025-10-04-media.md
1a1a067a2c7f9d8270a5149ba88b5bbd,_posts/2025-10-04-photo.md
2bc45293b5aef9c213327d54cbf35e44,_posts/2025-10-04-video.md
7e5eab686bfb167800058b09fbd8ffd4,_posts/2025-10-04-photo.md
09800dc3af3e67b8f856d6323a41b8cc,_posts/2025-10-05-photo.md
451b831dac2e522630157e53411b0d0b,_posts/2025-10-05-br-на-святое-позарились-сволочи.md
4da3a60b6602a95bb912131cbacd0ca1,_posts/2025-10-05-br.md
6219d94a7dbe1bd702ca1f290f0af99c,_posts/2025-10-05-photo.md
e70e75256ed21361b4a06d9292541a63,_posts/2025-10-05-br-название-не-помню-возможно.md
5d7bcb25326be8506a5396bbd238b1d2,_posts/2025-10-06-br-называлась-quotsensitive-usequot.md
97fac47452b7408008a683e2edcff874,_posts/2025-10-06-я-еще-помню-раньше-были-кнопки-что-я-соглашаюсь-на-продажу-фото-видео-с-табаком-.md
1fe539e5ae5fd6c0b8e9f5d5eceed6f2,_posts/2025-10-06-br-самая-нижняя-кнопка---самая-правильная.md
bb729822c4cb46fba4a3609d77d431c2,_posts/2025-10-06-br-вот-тут-внизу-в-левом-углу.md
9b83dfc6f46ee588d1128df03614c222,_posts/2025-10-06-photo.md
9103df951b093c49a4f6688bccaaab55,_posts/2025-10-07-там-в-настройках-можно-отключить-и-там-же-почитать-что-если-отключаешь-то-портфе.md
e7637bfa26f77df55aa6a20aaa504574,_posts/2025-10-07-video.md
8a9130b267845e98c4b58d310fd7cfff,_posts/2025-10-07-photo.md
e5328e8c74a269395eb84a8296edcf67,_posts/2025-10-07-так-у-меня-есть-такие-продажи-но-то-что-по-1-доллару-это-грустно.md
df83b48cfa32f23d60ef22f1b6862472,_posts/2025-10-07-br-кто-так-пробовал-делать-получается.md
ed00eff812a17b41664eef4bad314ee4,_posts/2025-10-08-так-а-если-не-грузить--падает-же-все.md
9e47ec3f18dccbbbf71cdaf4f0218fb9,_posts/2025-10-08-понятия-не-имею-меня-шаттер-так-выбесил-что-я-перестала-туда-иллюстрации-заливат.md
96175b5cca3a3a470aa428018ac10c99,_posts/2025-10-08-а-с-шаттером-интересно--такое-прокатит.md
60d811bd42b81fabb92628a8d54d36d0,_posts/2025-10-08-стоковая-мудрость-гласит-что-перезаливать-надо-не-абы-как-а-переписав-описания-и.md
76929b8adc5b77dcb9527e7cc3eb0911,_posts/2025-10-08-есть-на-adobe-5-фото-которые-висят-на-проверке-уже-5-месяцев.md
76b156d302a4be5f6c07589cd81fd459,_posts/2025-10-09-давно-ещё-у-меня-пол--тыщи-картинок-так-и-висят-на-проверке.md
1b2c72a923df612538dcc6b1675f0e67,_posts/2025-10-09-123рф-убрали-форму-для-ускорения-проверки.md
61f4beb163bf2bb465a3b7e6225e74d3,_posts/2025-10-09-подскажите-пожалуйста-телефоны-русскоязычной-техподдержки-на-пайонире.md
42a5353adaa867b697a8ec275208c728,_posts/2025-10-09-но-у-меня-с-адобом-все-было-нормально-я-пока-приложение-не-устанавливал.md
14827bcb51cf9223478b565e6bf771b3,_posts/2025-10-09-br-транс-у-нее-писюн.md
12721f28a3ba096b35a8a976947460d5,_posts/2025-10-10-стрим-уже-через-час.md
d314f85634b16a52a068a5b64c55b38a,_posts/2025-10-10-photo-стрим-на-boosty-в-среду-30-июля-в-2000-по-мск-проведу-стрим-на-бустио-чем-.md
6efe8dc772e550af7f24560521123332,_posts/2025-10-10-photo-итоги-июня-по-продаже-нейроконтента-на-стокахухудшились-ли-у-меня-продажи-.md
b278cddc38890f8935c4cd621d354de6,_posts/2025-10-10-video.md
f0b742ffedae72da012ded0cbc2433af,_posts/2025-10-10-br-bпервая-продажа-на-wirestockb.md
3235f7611a8ce755a9d50d727cab8f06,_posts/2025-10-11-video-за-это-я-люблю-стоки.md
ea32ca43dc473c160a59e7ddd26d27a6,_posts/2025-10-11-photo-что-я-буду-генерировать-на-стоки-в-июлевпервые-делюсь-не-только-темами-но-.md
efa9369ac749f8430e6dffd4ff0e9d94,_posts/2025-10-11-photo-тестирую-новый-сток---wirestockвы-же-знаете-что-я-сторонник-загрузки-работ.md
4dec15b379828e636a8104542d73a3ee,_posts/2025-10-11-photo-большой-гайд-про-вывод-денег-со-стоковя-собрал-все-рабочие-способы-по-выво.md
588f53ea0c31d1a63aa14172dee982a5,_posts/2025-10-11-photo.md
d876aecdaa204fcd653c44a7d962065b,_posts/2025-10-12-фрипик-freepik-3-визуальных-тренда-для-вдохновения-от-фрипик-альтернативная-меди.md
94e51c81cb6a3b8284053ab8ac96241a,_posts/2025-10-12-айсток-istock-совет-по-ключевым-словам-от-айстока-и-гетти-имаджесключевое-слово-.md
0dcbf4d59c2aab427328804e61a54157,_posts/2025-10-12-photo-шаттерсток-shutterstock-поиск-на-шаттерсток-и-безлимитная-подпискашаттерст.md
87489f54057504f22a8cd10fc252a4a7,_posts/2025-10-12-понд5-pond5-понд5бриф-контентный-бриф-от-понд5-образование-будущего-что-снимать-.md
fbe0d6c81043594b10990b4d1d0f9def,_posts/2025-10-12-лори-lori-лори-и-обучение-иимикросток-лори-начал-собирать-согласия-на-участие-по.md
4bbad3ccef75945641e3b2c15884ba80,_posts/2025-10-13-шаттерсток-shutterstock-шаттерсток-отчитался-что-в-рамках-безлимитной-подписки-к.md
dbd5de3c89d09317f9bb3f18f66d07c2,_posts/2025-10-13-энвато-envato-что-нового-на-envato-июнь-2025-умный-поиск-моментальный-доступ-к-н.md
fab8ce0db3cb21df5c21fd153e173d6b,_posts/2025-10-13-энвато-envato-pov-съёмка-тренд-который-покупаюткомпания-энвато-у-себя-в-блоге-со.md
f15c903d80372cde14de339f199dcddc,_posts/2025-10-13-понд5-pond5-популярныезапросыпонд5-популярные-запросы-в-поиске-на-понд5-за-июньн.md
08330432c63ff08a89a2af6210bd812e,_posts/2025-10-13-br-a-hrefhttpstmecombotcasstartapp7980227278катяa-has-been-banned-reason-cas-ba.md
8961652f76f1e2bef6124c65d18a8a0b,_posts/2025-10-14-br-спасибо.md
12d7e00eca848bd368e33964d9a75b20,_posts/2025-10-14-для-переименования-можно-использовать-renamer-или-фаст-стоун-имидж-виевер.md
bcbbb5a46a258aa8cf850f3f9ca07405,_posts/2025-10-14-br-скорее-всего-просто-глюк.md
c0ee7970609b0e5b884f00cb53c34779,_posts/2025-10-14-br-очень-странно-что-за-глюк.md
4d75d7590cf5756e34e817af8c58c267,_posts/2025-10-14-br-а-вот-так-дал.md
cc5be3f854017694ec246022e6035098,_posts/2025-10-15-вот-сейчас-попробую-в-один-внести-изменения.md
e6a58c513f4395b8911027241e85687a,_posts/2025-10-15-пересохранить-файлы-через-фотошоп-и-снова-закинуть-пытались.md
6a9f0e2bd7d50fbc815726a3a4ff9dae,_posts/2025-10-15-br-один-файл-все-таки-разместил-из-семи.md
efba39063d6e8b129220c0d8ee0a7396,_posts/2025-10-15-br-да.md
4285f418503589da1c8573e63898b920,_posts/2025-10-15-milkyway-core-express.md
c80da09df8e5262455ee17a3035a1cd7,_posts/2025-10-16-br-пипирка-из-трусов-вылезла-тайский-кошмар.md
b99e58ed6ffb6645c6568004d6d49fa0,_posts/2025-10-16-hello-how-is-the-work-on-photodune-going.md
863b949da97dfd75561c49ae1ec34d8f,_posts/2025-10-16-br-шаттер-деньги-прислал.md
40a828ee758ca1112a0d3a84aa71020c,_posts/2025-10-16-photo-доброе-утро-дмитрий.md
a6b2380b31ccb44a00565b47fcd15f66,_posts/2025-10-16-br-a-hrefhttpstmecombotcasstartapp6408226461шеразa-has-been-banned-reason-cas-b.md
